{
    "Company" : "VIVES",
    "Course" : "Web Essentials",
    "Data" : 
    [
        { "Date": "2023/10/30" , "Temp" : 19.5 , "Humi" : 60.2 , "Co2" : 401},
        { "Date": "2023/10/31" ,"Temp" : 20.1 , "Humi" : 62.3 , "Co2" : 510},
        { "Date": "2023/11/01" ,"Temp" : 20.6 , "Humi" : 64.2 , "Co2" : 598},
        { "Date": "2023/11/02" ,"Temp" : 21.4 , "Humi" : 72.5 , "Co2" : 604},
        { "Date": "2023/11/03" ,"Temp" : 20.8 , "Humi" : 68.3 , "Co2" : 580},
        { "Date": "2023/11/04" ,"Temp" : 20.2 , "Humi" : 67.4 , "Co2" : 475},
        { "Date": "2023/11/05" ,"Temp" : 19.8 , "Humi" : 61.3 , "Co2" : 540},
        { "Date": "2023/11/06" ,"Temp" : 18.4 , "Humi" : 65.8 , "Co2" : 625},
        { "Date": "2023/11/07" ,"Temp" : 20.3 , "Humi" : 68.1 , "Co2" : 710},
        { "Date": "2023/11/08" ,"Temp" : 21.1 , "Humi" : 70.2 , "Co2" : 725},
        { "Date": "2023/11/09" ,"Temp" : 20.8 , "Humi" : 78.4 , "Co2" : 840},
        { "Date": "2023/11/10" ,"Temp" : 20.6 , "Humi" : 79.2 , "Co2" : 698},
        { "Date": "2023/11/11" ,"Temp" : 20.1 , "Humi" : 80.3 , "Co2" : 514},
        { "Date": "2023/11/12" ,"Temp" : 19.3 , "Humi" : 75.2 , "Co2" : 476},
        { "Date": "2023/11/13" ,"Temp" : 19.8 , "Humi" : 68.9 , "Co2" : 401}
    ],
    "Location" : "Brugge"
}